,X.timestamp,X.version,X_id,X_index,X_score,X_type,beat.hostname,beat.version,enrichment.branch.name,metricset.module,metricset.name,metricset.rtt,system.network.in.bytes,system.network.in.dropped,system.network.in.errors,system.network.in.packets,system.network.name,system.network.out.bytes,system.network.out.dropped,system.network.out.errors,system.network.out.packets
38481,"December 18th 2018, 15:19:07.387",1,yrQ7wmcBX8H-MD0_j--F,metricbeat-000209,NA,doc,1,6.2.4,1,system,network,974,77.879MB,0,0,"168,185",Ethernet,48.87MB,0,0,"182,219"
38549,"December 18th 2018, 15:18:33.449",1,jxU7wmcBn_oGi6rs0JmU,metricbeat-000209,NA,doc,2,6.2.4,1,system,network,"1,483",879.987MB,199,0,"1,555,657",Ethernet,398.462MB,0,0,"1,527,209"
38479,"December 18th 2018, 15:19:08.671",1,ILU7wmcBX8H-MD0_-Ozg,metricbeat-000209,NA,doc,3,6.2.4,1,system,network,"1,025",332.1MB,0,0,"803,093",Ethernet,221.349MB,0,0,"858,204"
38270,"December 18th 2018, 15:21:27.953",1,wxg7wmcBrehMbwjYuhg7,metricbeat-000209,NA,doc,4,6.2.4,1,system,network,"1,024",2.677GB,0,0,"3,199,694",Ethernet,573.534MB,0,0,"2,496,526"
38597,"December 18th 2018, 15:18:10.222",1,1hE7wmcBxOZ1qs_pfs4G,metricbeat-000209,NA,doc,5,6.2.4,1,system,network,"4,023",398.389MB,0,0,"785,250",Ethernet,208.203MB,0,0,"839,210"
38455,"December 18th 2018, 15:19:38.615",1,GXY8wmcBAOA7YPJGAGrB,metricbeat-000209,NA,doc,6,6.2.4,1,system,network,"2,832",63.941MB,0,0,"142,979",Ethernet,43.327MB,0,0,"162,205"
38500,"December 18th 2018, 15:19:01.075",1,VBc7wmcBrehMbwjYjoJb,metricbeat-000209,NA,doc,7,6.2.4,1,system,network,"3,048",336.821MB,0,0,"777,354",Ethernet,221.959MB,0,0,"879,089"
38519,"December 18th 2018, 15:18:49.374",1,qLA7wmcBbOSZnM2xiv5z,metricbeat-000209,NA,doc,8,6.2.4,1,system,network,"3,042",60.304MB,0,0,"125,786",Ethernet,32.735MB,0,0,"134,727"
38626,"December 18th 2018, 15:17:46.876",1,bLU7wmcBX8H-MD0_uHc5,metricbeat-000209,NA,doc,12,6.2.4,2,system,network,"4,041",840.93MB,0,0,"1,538,972",Ethernet,433.684MB,0,0,"1,563,804"
38252,"December 18th 2018, 15:21:38.989",1,oIE8wmcBuqt-6aA3Kl47,metricbeat-000209,NA,doc,14,6.2.4,2,system,network,997,273.745MB,0,0,"641,705",Ethernet,191.134MB,0,0,"688,575"
38205,"December 18th 2018, 15:22:08.082",1,_dNUwmcB6ZGVNHRkoJOK,metricbeat-000209,NA,doc,20,6.2.4,2,system,network,"4,837",89.63MB,0,0,"179,927",Ethernet,50.259MB,0,0,"187,883"
38633,"December 18th 2018, 15:17:41.151",1,ghE7wmcBxOZ1qs_pdahp,metricbeat-000209,NA,doc,21,6.2.4,2,system,network,"3,041",104.412MB,0,0,"254,224",Ethernet,98.938MB,0,0,"343,383"
38267,"December 18th 2018, 15:21:28.181",1,zT88wmcBN4R-DFd1JS0s,metricbeat-000209,NA,doc,22,6.2.4,2,system,network,"3,851",371.068MB,0,0,"879,327",Ethernet,250.756MB,0,0,"956,044"
38262,"December 18th 2018, 15:21:34.419",1,kj47wmcBN4R-DFd1vD59,metricbeat-000209,NA,doc,23,6.2.4,2,system,network,"1,032",77.135MB,0,0,"161,670",Ethernet,49.73MB,0,0,"175,282"
38493,"December 18th 2018, 15:19:02.275",1,JbI7wmcBbOSZnM2x9AfR,metricbeat-000209,NA,doc,24,6.2.4,2,system,network,"3,054",215.653MB,0,0,"516,129",Ethernet,150.334MB,0,0,"571,140"
38475,"December 18th 2018, 15:19:11.328",1,TSxTwmcBxOZ1qs_p6bAL,metricbeat-000209,NA,doc,25,6.2.4,3,system,network,"3,036",114.806MB,0,0,"321,047",Ethernet,154.185MB,0,0,"412,068"
38631,"December 18th 2018, 15:17:41.384",1,CD47wmcBN4R-DFd1tS7x,metricbeat-000209,NA,doc,26,6.2.4,3,system,network,997,108.458MB,0,0,"204,220",Ethernet,55.076MB,0,0,"204,565"
38613,"December 18th 2018, 15:17:53.176",1,xBU7wmcBn_oGi6rsu2aJ,metricbeat-000209,NA,doc,27,6.2.4,3,system,network,"2,008",65.358MB,0,0,"141,664",Ethernet,36.702MB,0,0,"148,642"
38290,"December 18th 2018, 15:21:25.260",1,AbI8wmcBbOSZnM2xIaXg,metricbeat-000209,NA,doc,28,6.2.4,3,system,network,"3,885",3.958GB,0,0,"5,963,569",Ethernet,1.463GB,0,0,"5,513,644"
38619,"December 18th 2018, 15:17:51.603",1,fTg7wmcBdDbnrhqku8Ug,metricbeat-000209,NA,doc,29,6.2.4,3,system,network,"2,041",74.327MB,0,0,"162,075",Ethernet,43.771MB,0,0,"169,503"
38349,"December 18th 2018, 15:20:50.733",1,DRM8wmcBxOZ1qs_pFH6I,metricbeat-000209,NA,doc,30,6.2.4,3,system,network,"3,050",15.502MB,0,0,"31,130",Ethernet,7.293MB,0,0,"31,163"
38622,"December 18th 2018, 15:17:47.323",1,alJTwmcBdDbnrhqklTi_,metricbeat-000209,NA,doc,31,6.2.4,3,system,network,"2,064",301.164MB,0,0,"692,762",Ethernet,186.217MB,0,0,"737,915"
38194,"December 18th 2018, 15:22:14.310",1,zjg7wmcBdDbnrhqkz_-X,metricbeat-000209,NA,doc,32,6.2.4,4,system,network,"2,837",93.021MB,0,0,"191,131",Ethernet,52.193MB,0,0,"198,247"
38514,"December 18th 2018, 15:18:50.372",1,04A7wmcBuqt-6aA357Nf,metricbeat-000209,NA,doc,33,6.2.4,4,system,network,"1,839",84.293MB,0,0,"150,651",Ethernet,40.956MB,0,0,"143,889"
38555,"December 18th 2018, 15:18:31.401",1,4Tg7wmcBdDbnrhqkz_15,metricbeat-000209,NA,doc,34,6.2.4,4,system,network,"3,172",1.219GB,0,0,"1,133,831",Ethernet,215.514MB,0,0,"847,467"
38346,"December 18th 2018, 15:20:51.395",1,SxU7wmcBn_oGi6rsrT-L,metricbeat-000209,NA,doc,35,6.2.4,4,system,network,"2,883",67.614MB,0,0,"148,415",Ethernet,40.015MB,0,0,"157,256"
38380,"December 18th 2018, 15:20:24.657",1,Ez48wmcBN4R-DFd1C-qW,metricbeat-000209,NA,doc,36,6.2.4,4,system,network,"2,995",287.949MB,0,0,"653,816",Ethernet,174.277MB,0,0,"694,731"
38393,"December 18th 2018, 15:20:20.986",1,f4A7wmcBuqt-6aA3pB3V,metricbeat-000209,NA,doc,37,6.2.4,4,system,network,"5,351",71.406MB,0,0,"154,177",Ethernet,42.505MB,0,0,"163,584"
38374,"December 18th 2018, 15:20:30.293",1,7FhUwmcBN4R-DFd1JcHo,metricbeat-000209,NA,doc,38,6.2.4,4,system,network,"3,025",82.75MB,0,0,"174,267",Ethernet,50.81MB,0,0,"181,884"
35622,"December 18th 2018, 15:49:02.897",1,xjxfwmcBrehMbwjYOX90,metricbeat-000209,NA,doc,39,6.2.4,4,system,network,"43,747",56.951KB,0,0,195,Ethernet,84.353KB,0,0,177
38254,"December 18th 2018, 15:21:38.209",1,1ppUwmcBuqt-6aA3Wt10,metricbeat-000209,NA,doc,40,6.2.4,4,system,network,"1,008",65.112MB,0,0,"143,656",Ethernet,42.673MB,0,0,"151,700"
38386,"December 18th 2018, 15:20:21.959",1,CoE8wmcBuqt-6aA3Cw4D,metricbeat-000209,NA,doc,41,6.2.4,5,system,network,997,607.798MB,0,0,"1,142,625",Ethernet,337.016MB,0,0,"1,160,940"
38329,"December 18th 2018, 15:20:58.634",1,hrk8wmcB6ZGVNHRkFa7g,metricbeat-000209,NA,doc,42,6.2.4,5,system,network,"4,008",780.479MB,0,0,"1,524,876",Ethernet,425.734MB,0,0,"1,535,693"
19842,"December 18th 2018, 18:34:47.453",1,YumZwmcBuqt-6aA3WS7K,metricbeat-000210,NA,doc,43,6.2.4,5,system,network,"3,043",4.106MB,0,0,"8,463",Ethernet,6.234MB,0,0,"10,519"
38411,"December 18th 2018, 15:20:12.136",1,31NUwmcBdDbnrhqkHB3x,metricbeat-000209,NA,doc,44,6.2.4,5,system,network,"1,502",80.609MB,0,0,"169,845",Ethernet,48.368MB,0,0,"177,282"
38504,"December 18th 2018, 15:18:55.357",1,K4A7wmcBuqt-6aA37Llt,metricbeat-000209,NA,doc,45,6.2.4,5,system,network,"4,024",6.577MB,0,0,"12,523",Ethernet,3.909MB,0,0,"13,040"
38583,"December 18th 2018, 15:18:17.970",1,YDFTwmcBrehMbwjYv4tE,metricbeat-000209,NA,doc,46,6.2.4,5,system,network,"3,993",26.584MB,0,0,"47,770",Ethernet,13.858MB,0,0,"48,732"
38463,"December 18th 2018, 15:19:22.955",1,yDFTwmcBrehMbwjY-PV1,metricbeat-000209,NA,doc,47,6.2.4,5,system,network,997,68.428MB,0,0,"150,511",Ethernet,41.365MB,0,0,"159,249"
38198,"December 18th 2018, 15:22:13.508",1,qxk8wmcBrehMbwjYTVXF,metricbeat-000209,NA,doc,48,6.2.4,6,system,network,"1,002",88.517MB,0,0,"179,844",Ethernet,60.859MB,0,0,"195,895"
38416,"December 18th 2018, 15:20:09.944",1,8bU7wmcBX8H-MD0_oi-i,metricbeat-000209,NA,doc,49,6.2.4,6,system,network,"1,002",215.632MB,0,0,"505,672",Ethernet,144.023MB,0,0,"535,823"
38617,"December 18th 2018, 15:17:51.991",1,MoA7wmcBuqt-6aA3u2Ma,metricbeat-000209,NA,doc,50,6.2.4,6,system,network,"2,884",90.154MB,0,0,"211,558",Ethernet,58.971MB,0,0,"222,358"
38655,"December 18th 2018, 15:17:27.521",1,UlJTwmcBdDbnrhqkcxVv,metricbeat-000209,NA,doc,51,6.2.4,6,system,network,"1,010",319.764MB,0,0,"735,198",Ethernet,233.569MB,0,0,"793,026"
38468,"December 18th 2018, 15:19:21.359",1,u1JTwmcBdDbnrhqk99Zw,metricbeat-000209,NA,doc,52,6.2.4,6,system,network,"4,036",83.497MB,0,0,"201,479",Ethernet,56.094MB,0,0,"216,221"
38650,"December 18th 2018, 15:17:37.095",1,bo9TwmcBAOA7YPJGhEAQ,metricbeat-000209,NA,doc,53,6.2.4,6,system,network,"1,976",81.577MB,0,0,"183,869",Ethernet,50.455MB,0,0,"200,592"
38580,"December 18th 2018, 15:18:19.875",1,wY9TwmcBAOA7YPJGwYuR,metricbeat-000209,NA,doc,54,6.2.4,6,system,network,"2,990",61.463MB,0,0,"148,834",Ethernet,65.533MB,0,0,"172,464"
38528,"December 18th 2018, 15:18:43.313",1,oX87wmcBuqt-6aA3iK_8,metricbeat-000209,NA,doc,55,6.2.4,6,system,network,"4,193",103.72MB,0,0,"243,559",Ethernet,67.894MB,0,0,"258,396"
38662,"December 18th 2018, 15:17:25.050",1,ETFTwmcBrehMbwjYcj4-,metricbeat-000209,NA,doc,60,6.2.4,7,system,network,969,1.483GB,0,0,"3,103,547",Ethernet,995.74MB,0,0,"3,379,913"
38607,"December 18th 2018, 15:17:56.087",1,bBQ7wmcBn_oGi6rseX4C,metricbeat-000209,NA,doc,61,6.2.4,7,system,network,"3,055",3.489GB,0,0,"4,083,920",Ethernet,843.261MB,0,0,"3,551,189"
38657,"December 18th 2018, 15:17:25.093",1,jhE7wmcBxOZ1qs_pbJWn,metricbeat-000209,NA,doc,62,6.2.4,7,system,network,"1,991",92.458MB,0,0,"121,550",Ethernet,30.839MB,0,0,"111,117"
38368,"December 18th 2018, 15:20:34.287",1,11NUwmcBdDbnrhqkKjks,metricbeat-000209,NA,doc,68,6.2.4,7,system,network,"1,975",71.793MB,0,0,"147,256",Ethernet,44.689MB,0,0,"155,408"
38569,"December 18th 2018, 15:18:24.621",1,4BQ7wmcBn_oGi6rsgZ5g,metricbeat-000209,NA,doc,69,6.2.4,7,system,network,"3,872",63.339MB,0,0,"141,361",Ethernet,39.086MB,0,0,"153,423"
38593,"December 18th 2018, 15:18:11.907",1,Brg7wmcB6ZGVNHRkfgG-,metricbeat-000209,NA,doc,70,6.2.4,7,system,network,"4,043",37.419MB,0,0,"68,264",Ethernet,43.231MB,0,0,"84,805"
38540,"December 18th 2018, 15:18:35.921",1,Cc9TwmcBX8H-MD0_yyZa,metricbeat-000209,NA,doc,71,6.2.4,7,system,network,"3,055",867.659MB,0,0,"1,704,385",Ethernet,534.517MB,0,0,"1,848,814"
38235,"December 18th 2018, 15:21:54.180",1,RnY7wmcBAOA7YPJGxwLy,metricbeat-000209,NA,doc,188,6.2.4,7,system,network,"2,863",58.283MB,0,0,"133,466",Ethernet,37.78MB,0,0,"139,068"
38440,"December 18th 2018, 15:19:51.428",1,gn87wmcBuqt-6aA3nf5p,metricbeat-000209,NA,doc,72,6.2.4,8,system,network,"3,891",254.753MB,0,0,"594,078",Ethernet,167.676MB,0,0,"632,530"
38377,"December 18th 2018, 15:20:29.231",1,XXY8wmcBAOA7YPJGDJhS,metricbeat-000209,NA,doc,74,6.2.4,8,system,network,"4,014",110.233MB,0,0,"226,971",Ethernet,63.773MB,0,0,"239,546"
38518,"December 18th 2018, 15:18:50.338",1,CHY7wmcBAOA7YPJG5zJP,metricbeat-000209,NA,doc,75,6.2.4,8,system,network,"4,029",81.719MB,0,0,"174,665",Ethernet,48.953MB,0,0,"184,030"
38328,"December 18th 2018, 15:21:04.929",1,dTk8wmcBdDbnrhqkF56W,metricbeat-000209,NA,doc,76,6.2.4,8,system,network,969,1.096GB,0,0,"2,429,938",Ethernet,735.291MB,0,0,"2,613,027"
38281,"December 18th 2018, 15:21:25.873",1,vYE8wmcBuqt-6aA3IVDg,metricbeat-000209,NA,doc,77,6.2.4,8,system,network,"2,912",998.734MB,63,0,"2,253,199",Ethernet,757.352MB,0,0,"2,473,324"
38663,"December 18th 2018, 15:17:25.047",1,67g7wmcB6ZGVNHRksrRg,metricbeat-000209,NA,doc,78,6.2.4,8,system,network,997,12.526MB,0,0,"24,555",Ethernet,7.473MB,0,0,"25,451"
38239,"December 18th 2018, 15:21:52.996",1,njk8wmcBdDbnrhqkN9rk,metricbeat-000209,NA,doc,79,6.2.4,9,system,network,"3,873",2.112GB,0,0,"2,672,275",Ethernet,563.021MB,0,0,"2,300,712"
38340,"December 18th 2018, 15:20:54.600",1,kzJUwmcBrehMbwjYNWl3,metricbeat-000209,NA,doc,80,6.2.4,9,system,network,"3,296",385.561MB,0,0,"6,955,036",Ethernet,1.628GB,0,0,"6,787,220"
38357,"December 18th 2018, 15:20:46.607",1,KxM8wmcBxOZ1qs_pE3vI,metricbeat-000209,NA,doc,82,6.2.4,9,system,network,"4,029",103.914MB,0,0,"227,842",Ethernet,57.41MB,0,0,"236,744"
38488,"December 18th 2018, 15:19:05.665",1,6bU7wmcBX8H-MD0_-OdD,metricbeat-000209,NA,doc,83,6.2.4,9,system,network,"2,892",208.106MB,0,0,"475,557",Ethernet,135.681MB,0,0,"520,078"
38611,"December 18th 2018, 15:17:55.017",1,hBU7wmcBn_oGi6rsvGkZ,metricbeat-000209,NA,doc,84,6.2.4,9,system,network,"3,382",90.113MB,0,0,"178,946",Ethernet,47.97MB,0,0,"188,359"
38421,"December 18th 2018, 15:20:07.990",1,aJBUwmcBAOA7YPJGGiA-,metricbeat-000209,NA,doc,85,6.2.4,10,system,network,797,378.743MB,0,0,"906,692",Ethernet,259.858MB,0,0,"939,671"
38646,"December 18th 2018, 15:17:37.479",1,OBg7wmcBrehMbwjYtAp3,metricbeat-000209,NA,doc,86,6.2.4,10,system,network,"4,868",1.35GB,0,0,"2,285,270",Ethernet,601.524MB,0,0,"2,163,683"
38641,"December 18th 2018, 15:17:39.210",1,5CxTwmcBxOZ1qs_phiQ6,metricbeat-000209,NA,doc,87,6.2.4,10,system,network,997,84.075MB,0,0,"173,556",Ethernet,50.407MB,0,0,"175,556"
38442,"December 18th 2018, 15:19:50.088",1,KrY8wmcBX8H-MD0_AhDE,metricbeat-000209,NA,doc,88,6.2.4,10,system,network,"3,866",84.265MB,0,0,"175,794",Ethernet,72.228MB,0,0,"189,214"
38570,"December 18th 2018, 15:18:21.038",1,g1JTwmcBdDbnrhqkwXDp,metricbeat-000209,NA,doc,89,6.2.4,10,system,network,"3,952",80.551MB,0,0,"160,489",Ethernet,45.102MB,0,0,"166,697"
38501,"December 18th 2018, 15:18:56.068",1,brQ7wmcBX8H-MD0_jOTR,metricbeat-000209,NA,doc,90,6.2.4,11,system,network,"1,028",88.229MB,0,0,"191,254",Ethernet,51.946MB,0,0,"193,471"
38189,"December 18th 2018, 15:22:20.808",1,crI8wmcBbOSZnM2xVupn,metricbeat-000209,NA,doc,91,6.2.4,11,system,network,"4,016",332.543MB,0,0,"602,933",Ethernet,190.884MB,0,0,"632,812"
38538,"December 18th 2018, 15:18:37.873",1,_LQ7wmcBX8H-MD0_h80a,metricbeat-000209,NA,doc,92,6.2.4,11,system,network,"3,894",77.074MB,0,0,"153,591",Ethernet,44.121MB,0,0,"155,100"
38337,"December 18th 2018, 15:20:55.879",1,mDJUwmcBrehMbwjYNmum,metricbeat-000209,NA,doc,93,6.2.4,11,system,network,"1,193",931.109MB,0,0,"1,837,302",Ethernet,515.69MB,0,0,"1,963,943"
38258,"December 18th 2018, 15:21:37.218",1,Ai1UwmcBxOZ1qs_pWW0g,metricbeat-000209,NA,doc,95,6.2.4,11,system,network,962,83.155MB,0,0,"176,290",Ethernet,52.479MB,0,0,"184,687"
38432,"December 18th 2018, 15:19:54.749",1,gBc7wmcBrehMbwjYnriK,metricbeat-000209,NA,doc,96,6.2.4,11,system,network,"3,049",10.68MB,0,0,"21,113",Ethernet,5.336MB,0,0,"20,971"
38587,"December 18th 2018, 15:18:13.266",1,Bhc7wmcBrehMbwjYgEw9,metricbeat-000209,NA,doc,97,6.2.4,11,system,network,"1,002",74.422MB,0,0,"154,626",Ethernet,44.487MB,0,0,"162,533"
38467,"December 18th 2018, 15:19:22.030",1,wHU7wmcBAOA7YPJGk2XO,metricbeat-000209,NA,doc,98,6.2.4,11,system,network,"4,050",274.628MB,0,0,"623,164",Ethernet,180.461MB,0,0,"668,683"
38363,"December 18th 2018, 15:20:40.486",1,AnU7wmcBAOA7YPJGqLXt,metricbeat-000209,NA,doc,183,6.2.4,11,system,network,"3,039",13.038MB,0,0,"28,821",Ethernet,8.526MB,0,0,"29,035"
38320,"December 18th 2018, 15:21:07.273",1,EZBUwmcBAOA7YPJGPmdt,metricbeat-000209,NA,doc,99,6.2.4,12,system,network,"2,995",65.404MB,0,0,"145,909",Ethernet,40.213MB,0,0,"154,072"
38311,"December 18th 2018, 15:21:13.863",1,9oA7wmcBuqt-6aA3s0v1,metricbeat-000209,NA,doc,100,6.2.4,12,system,network,"1,041",65.114MB,0,0,"140,040",Ethernet,39.286MB,0,0,"145,839"
38366,"December 18th 2018, 15:20:36.978",1,hBM8wmcBxOZ1qs_pDW7W,metricbeat-000209,NA,doc,101,6.2.4,12,system,network,"4,328",83.548MB,0,0,"177,396",Ethernet,55.136MB,0,0,"188,678"
38448,"December 18th 2018, 15:19:44.263",1,XyxUwmcBxOZ1qs_pD9_I,metricbeat-000209,NA,doc,102,6.2.4,12,system,network,"1,178",74.655MB,0,0,"155,453",Ethernet,46.615MB,0,0,"170,025"
38437,"December 18th 2018, 15:19:51.442",1,ETJUwmcBrehMbwjYERzF,metricbeat-000209,NA,doc,103,6.2.4,12,system,network,"3,861",292.786MB,0,0,"659,750",Ethernet,180.15MB,0,0,"709,214"
38552,"December 18th 2018, 15:18:32.559",1,9rA7wmcBbOSZnM2xhOeS,metricbeat-000209,NA,doc,104,6.2.4,12,system,network,"1,002",66.411MB,0,0,"141,054",Ethernet,38.925MB,0,0,"153,498"
38209,"December 18th 2018, 15:22:02.975",1,05tUwmcBuqt-6aA3liCk,metricbeat-000209,NA,doc,105,6.2.4,12,system,network,"1,002",104.904MB,0,0,"183,198",Ethernet,45.637MB,0,0,"183,565"
38564,"December 18th 2018, 15:18:25.815",1,PCxTwmcBxOZ1qs_pxGvB,metricbeat-000209,NA,doc,106,6.2.4,13,system,network,"2,851",151.944MB,0,0,"346,887",Ethernet,94.349MB,0,0,"359,168"
38373,"December 18th 2018, 15:20:30.597",1,OTk8wmcBdDbnrhqkDH7-,metricbeat-000209,NA,doc,107,6.2.4,13,system,network,"3,191",76.599MB,0,0,"172,541",Ethernet,49.683MB,0,0,"182,710"
38407,"December 18th 2018, 15:20:13.172",1,XJpUwmcBuqt-6aA3HmxC,metricbeat-000209,NA,doc,108,6.2.4,13,system,network,"4,925",127.433MB,0,0,"224,777",Ethernet,60.923MB,0,0,"224,319"
38427,"December 18th 2018, 15:19:58.333",1,irk8wmcB6ZGVNHRkBG6U,metricbeat-000209,NA,doc,109,6.2.4,13,system,network,"2,953",142.061MB,0,0,"343,557",Ethernet,109.427MB,0,0,"360,275"
38531,"December 18th 2018, 15:18:42.509",1,2H87wmcBuqt-6aA3iK_8,metricbeat-000209,NA,doc,110,6.2.4,13,system,network,"3,034",67.648MB,0,0,"151,991",Ethernet,42.117MB,0,0,"166,975"
38627,"December 18th 2018, 15:17:44.175",1,ildTwmcBN4R-DFd1kskc,metricbeat-000209,NA,doc,111,6.2.4,13,system,network,"2,877",120.9MB,0,0,"261,042",Ethernet,76.686MB,0,0,"284,516"
38643,"December 18th 2018, 15:17:38.600",1,2IA7wmcBuqt-6aA3tFHv,metricbeat-000209,NA,doc,113,6.2.4,13,system,network,"3,273",61.167MB,0,0,"132,549",Ethernet,36.939MB,0,0,"139,915"
38332,"December 18th 2018, 15:20:58.074",1,tMtUwmcBbOSZnM2xN8e2,metricbeat-000209,NA,doc,114,6.2.4,13,system,network,"3,251",1.779GB,0,0,"4,220,667",Ethernet,1.293GB,0,0,"4,840,892"
38225,"December 18th 2018, 15:21:57.623",1,7NNUwmcB6ZGVNHRkeF9f,metricbeat-000209,NA,doc,115,6.2.4,14,system,network,"1,970",971.537MB,0,0,"1,990,427",Ethernet,543.851MB,0,0,"2,020,831"
38246,"December 18th 2018, 15:21:42.591",1,Bzg7wmcBdDbnrhqkvte0,metricbeat-000209,NA,doc,116,6.2.4,14,system,network,969,93.372MB,0,0,"170,394",Ethernet,45.797MB,0,0,"170,697"
38509,"December 18th 2018, 15:18:54.157",1,5I9TwmcBAOA7YPJG1777,metricbeat-000209,NA,doc,117,6.2.4,14,system,network,"2,025",503.697MB,0,0,"1,008,034",Ethernet,300.544MB,0,0,"1,041,525"
38342,"December 18th 2018, 15:20:52.734",1,AlhUwmcBN4R-DFd1M94o,metricbeat-000209,NA,doc,118,6.2.4,14,system,network,"2,027",374.163MB,0,0,"885,953",Ethernet,246.237MB,0,0,"938,669"
38280,"December 18th 2018, 15:21:26.070",1,zYA7wmcBuqt-6aA3uFtt,metricbeat-000209,NA,doc,119,6.2.4,14,system,network,"2,990",331.843MB,0,0,"754,010",Ethernet,204.895MB,0,0,"789,176"
38545,"December 18th 2018, 15:18:34.240",1,KstTwmcBbOSZnM2xyAg_,metricbeat-000209,NA,doc,120,6.2.4,14,system,network,"3,054",617.784MB,0,0,"1,178,276",Ethernet,347.351MB,0,0,"1,215,232"
38314,"December 18th 2018, 15:21:11.629",1,_NNUwmcB6ZGVNHRkQR1Q,metricbeat-000209,NA,doc,121,6.2.4,14,system,network,"4,000",699.185MB,0,0,"1,363,595",Ethernet,428.404MB,0,0,"1,405,332"
38652,"December 18th 2018, 15:17:28.766",1,dbA7wmcBbOSZnM2xbZL9,metricbeat-000209,NA,doc,122,6.2.4,14,system,network,"4,051",751.851MB,0,0,"1,527,764",Ethernet,480.799MB,0,0,"1,603,862"
38228,"December 18th 2018, 15:21:55.869",1,PbU7wmcBX8H-MD0_yJup,metricbeat-000209,NA,doc,123,6.2.4,15,system,network,974,17.12MB,0,0,"31,101",Ethernet,7.834MB,0,0,"29,733"
38450,"December 18th 2018, 15:19:41.139",1,bRc7wmcBrehMbwjYmqTj,metricbeat-000209,NA,doc,124,6.2.4,15,system,network,"2,860",94.199MB,0,0,"186,645",Ethernet,49.201MB,0,0,"189,646"
38384,"December 18th 2018, 15:20:23.348",1,5zJUwmcBrehMbwjYIkRU,metricbeat-000209,NA,doc,125,6.2.4,15,system,network,997,93.82MB,0,0,"194,207",Ethernet,51.982MB,0,0,"209,955"
38425,"December 18th 2018, 15:20:04.834",1,mCxUwmcBxOZ1qs_pGPcb,metricbeat-000209,NA,doc,126,6.2.4,15,system,network,"1,956",123.575MB,0,0,"246,169",Ethernet,61.177MB,0,0,"259,664"
38526,"December 18th 2018, 15:18:43.390",1,wX87wmcBuqt-6aA3iK_8,metricbeat-000209,NA,doc,127,6.2.4,15,system,network,"1,863",1.143GB,0,0,"2,650,192",Ethernet,807.547MB,0,0,"2,937,593"
38604,"December 18th 2018, 15:17:58.081",1,os5TwmcBX8H-MD0_pvC3,metricbeat-000209,NA,doc,128,6.2.4,16,system,network,"3,861",326.747MB,0,0,"801,322",Ethernet,215.551MB,0,0,"821,587"
38561,"December 18th 2018, 15:18:28.179",1,2xQ7wmcBn_oGi6rsg6RP,metricbeat-000209,NA,doc,130,6.2.4,16,system,network,"3,965",1.432GB,0,0,"2,494,920",Ethernet,639.91MB,0,0,"2,383,196"
38317,"December 18th 2018, 15:21:10.057",1,crg7wmcB6ZGVNHRksrrx,metricbeat-000209,NA,doc,131,6.2.4,16,system,network,"1,002",109.664MB,0,0,"216,407",Ethernet,55.352MB,0,0,"211,993"
38410,"December 18th 2018, 15:20:12.503",1,kbY8wmcBX8H-MD0_CStr,metricbeat-000209,NA,doc,132,6.2.4,16,system,network,"1,029",70.457MB,0,0,"150,057",Ethernet,40.013MB,0,0,"156,972"
38600,"December 18th 2018, 15:18:05.467",1,KLE7wmcBbOSZnM2xvrn7,metricbeat-000209,NA,doc,133,6.2.4,16,system,network,"4,029",25.699MB,0,0,"49,130",Ethernet,15.596MB,0,0,"50,538"
38231,"December 18th 2018, 15:21:55.158",1,17I8wmcBbOSZnM2xN8fz,metricbeat-000209,NA,doc,134,6.2.4,16,system,network,"4,038",281.239MB,0,0,"626,274",Ethernet,167.642MB,0,0,"669,745"
38398,"December 18th 2018, 15:20:17.874",1,9HU7wmcBAOA7YPJGpJ8A,metricbeat-000209,NA,doc,135,6.2.4,16,system,network,"4,039",56.267MB,0,0,"123,455",Ethernet,35.128MB,0,0,"135,109"
38417,"December 18th 2018, 15:20:08.398",1,ohg8wmcBrehMbwjYCL0g,metricbeat-000209,NA,doc,136,6.2.4,17,system,network,"3,053",27.425MB,0,0,"56,118",Ethernet,20.227MB,0,0,"56,886"
38250,"December 18th 2018, 15:21:39.222",1,P9BUwmcBX8H-MD0_Wit5,metricbeat-000209,NA,doc,138,6.2.4,17,system,network,"3,987",53.567MB,0,0,"120,285",Ethernet,33.331MB,0,0,"127,256"
38284,"December 18th 2018, 15:21:25.643",1,cIE8wmcBuqt-6aA3IVDg,metricbeat-000209,NA,doc,139,6.2.4,17,system,network,"1,036",577.762MB,0,0,"1,138,223",Ethernet,294.349MB,0,0,"1,201,151"
38302,"December 18th 2018, 15:21:21.112",1,uxk8wmcBrehMbwjYIQ0f,metricbeat-000209,NA,doc,140,6.2.4,17,system,network,808,30.028MB,0,0,"57,763",Ethernet,18.346MB,0,0,"60,209"
38429,"December 18th 2018, 15:19:58.001",1,_C9UwmcBn_oGi6rsFo6T,metricbeat-000209,NA,doc,141,6.2.4,17,system,network,"3,006",65.353MB,0,0,"141,908",Ethernet,42.773MB,0,0,"153,015"
38637,"December 18th 2018, 15:17:40.604",1,b7E7wmcBbOSZnM2xtZtM,metricbeat-000209,NA,doc,142,6.2.4,18,system,network,996,96.283MB,0,0,"196,574",Ethernet,58.551MB,0,0,"203,532"
38353,"December 18th 2018, 15:20:48.165",1,qVNUwmcBdDbnrhqkMUy8,metricbeat-000209,NA,doc,143,6.2.4,18,system,network,"3,989",82.63MB,0,0,"183,816",Ethernet,51.665MB,0,0,"190,480"
38351,"December 18th 2018, 15:20:49.380",1,19NUwmcB6ZGVNHRkMgGr,metricbeat-000209,NA,doc,144,6.2.4,18,system,network,990,11.051MB,0,0,"23,653",Ethernet,7.311MB,0,0,"24,621"
38596,"December 18th 2018, 15:18:10.684",1,9ixTwmcBxOZ1qs_puFfb,metricbeat-000209,NA,doc,145,6.2.4,18,system,network,"3,988",112.688MB,0,0,"308,508",Ethernet,142.483MB,0,0,"376,039"
38242,"December 18th 2018, 15:21:43.432",1,ONBUwmcBX8H-MD0_YTPD,metricbeat-000209,NA,doc,146,6.2.4,18,system,network,"2,003",62.26MB,0,0,"135,853",Ethernet,36.81MB,0,0,"146,477"
38295,"December 18th 2018, 15:21:24.467",1,Ibg7wmcB6ZGVNHRkt8yU,metricbeat-000209,NA,doc,147,6.2.4,18,system,network,"3,035",76.302MB,0,0,"154,172",Ethernet,42.645MB,0,0,"165,938"
38297,"December 18th 2018, 15:21:23.793",1,pxk8wmcBrehMbwjYIQ5z,metricbeat-000209,NA,doc,148,6.2.4,18,system,network,"4,045",70.825MB,0,0,"148,934",Ethernet,39.342MB,0,0,"158,766"
38402,"December 18th 2018, 15:20:15.455",1,7FhUwmcBN4R-DFd1H7Pu,metricbeat-000209,NA,doc,149,6.2.4,19,system,network,"3,924",80.778MB,0,0,"168,869",Ethernet,50.16MB,0,0,"175,459"
38511,"December 18th 2018, 15:18:51.606",1,7RQ7wmcBn_oGi6rsi8Dd,metricbeat-000209,NA,doc,150,6.2.4,19,system,network,997,82.321MB,0,0,"174,021",Ethernet,45.446MB,0,0,"177,354"
38201,"December 18th 2018, 15:22:09.989",1,2pBUwmcBAOA7YPJGoeIC,metricbeat-000209,NA,doc,151,6.2.4,19,system,network,"4,025",155.642MB,0,0,"255,749",Ethernet,58.653MB,0,0,"237,383"
38445,"December 18th 2018, 15:19:45.839",1,4T48wmcBN4R-DFd1AcPb,metricbeat-000209,NA,doc,152,6.2.4,19,system,network,"1,002",101.5MB,0,0,"221,089",Ethernet,57.745MB,0,0,"227,258"
38323,"December 18th 2018, 15:21:06.088",1,gLg7wmcB6ZGVNHRksraK,metricbeat-000209,NA,doc,153,6.2.4,19,system,network,"2,855",62.535MB,0,0,"138,411",Ethernet,39.32MB,0,0,"147,291"
38193,"December 18th 2018, 15:22:20.760",1,GjJUwmcBrehMbwjYqPrI,metricbeat-000209,NA,doc,154,6.2.4,19,system,network,"4,032",342.981MB,0,0,"800,102",Ethernet,209.129MB,0,0,"840,984"
38471,"December 18th 2018, 15:19:17.726",1,3stTwmcBbOSZnM2x70x-,metricbeat-000209,NA,doc,155,6.2.4,20,system,network,994,100.788MB,0,0,"205,357",Ethernet,73.791MB,0,0,"221,301"
38308,"December 18th 2018, 15:21:15.286",1,VIE8wmcBuqt-6aA3HUN7,metricbeat-000209,NA,doc,156,6.2.4,20,system,network,"3,055",10.199MB,0,0,"20,079",Ethernet,5.808MB,0,0,"20,372"
38299,"December 18th 2018, 15:21:23.601",1,57E7wmcBbOSZnM2xt54t,metricbeat-000209,NA,doc,157,6.2.4,20,system,network,"2,043",85.899MB,0,0,"184,460",Ethernet,56.204MB,0,0,"195,517"
38401,"December 18th 2018, 15:20:16.194",1,KVNUwmcBdDbnrhqkHyTs,metricbeat-000209,NA,doc,158,6.2.4,20,system,network,"3,150",11.666MB,0,0,"23,442",Ethernet,5.592MB,0,0,"23,955"
38215,"December 18th 2018, 15:22:01.945",1,YVNUwmcBdDbnrhqklsyZ,metricbeat-000209,NA,doc,159,6.2.4,20,system,network,"3,856",90.939MB,0,0,"173,959",Ethernet,42.703MB,0,0,"177,951"
38221,"December 18th 2018, 15:21:59.538",1,2XY7wmcBAOA7YPJGyghe,metricbeat-000209,NA,doc,160,6.2.4,20,system,network,"3,871",192.274MB,0,0,"255,308",Ethernet,47.367MB,0,0,"234,946"
38485,"December 18th 2018, 15:19:05.948",1,uzFTwmcBrehMbwjY49m6,metricbeat-000209,NA,doc,161,6.2.4,20,system,network,"3,994",11.771MB,0,0,"23,822",Ethernet,7.547MB,0,0,"25,159"
38495,"December 18th 2018, 15:19:02.015",1,48tTwmcBbOSZnM2x2jF1,metricbeat-000209,NA,doc,184,6.2.4,21,system,network,"3,960",87.038MB,0,0,"185,673",Ethernet,52.939MB,0,0,"198,910"
38548,"December 18th 2018, 15:18:33.481",1,Zy9TwmcBn_oGi6rsyAca,metricbeat-000209,NA,doc,186,6.2.4,21,system,network,965,2.962GB,268,0,"4,650,418",Ethernet,"1,022.45MB",0,0,"4,331,795"
38213,"December 18th 2018, 15:22:02.809",1,gYA7wmcBuqt-6aA3y4vJ,metricbeat-000209,NA,doc,187,6.2.4,21,system,network,"3,849",82.403MB,0,0,"162,873",Ethernet,43.85MB,0,0,"168,033"
38265,"December 18th 2018, 15:21:31.787",1,uTg7wmcBdDbnrhqku8nk,metricbeat-000209,NA,doc,189,6.2.4,21,system,network,"3,039",58.796MB,0,0,"132,143",Ethernet,35.293MB,0,0,"139,113"
38272,"December 18th 2018, 15:21:27.092",1,AMtUwmcBbOSZnM2xUfMF,metricbeat-000209,NA,doc,190,6.2.4,21,system,network,"4,021",951.736MB,0,0,"2,141,972",Ethernet,608.801MB,0,0,"2,324,769"
38289,"December 18th 2018, 15:21:25.520",1,xYE8wmcBuqt-6aA3IVDg,metricbeat-000209,NA,doc,191,6.2.4,21,system,network,"1,951",247.068MB,0,0,"5,664,573",Ethernet,1.24GB,0,0,"5,055,141"
38491,"December 18th 2018, 15:19:05.135",1,nBU7wmcBn_oGi6rs-MdH,metricbeat-000209,NA,doc,168,6.2.4,22,system,network,"3,074",368.835MB,0,0,"852,894",Ethernet,243.373MB,0,0,"926,278"
38589,"December 18th 2018, 15:18:13.067",1,hZlTwmcBuqt-6aA3ubvF,metricbeat-000209,NA,doc,169,6.2.4,22,system,network,"1,381",101.868MB,0,0,"210,837",Ethernet,69.17MB,0,0,"218,567"
38206,"December 18th 2018, 15:22:04.070",1,nj47wmcBN4R-DFd1zGWF,metricbeat-000209,NA,doc,170,6.2.4,22,system,network,"2,549",121.037MB,0,0,"216,213",Ethernet,60.272MB,0,0,"223,018"
38576,"December 18th 2018, 15:18:20.586",1,lrA7wmcBbOSZnM2xgNJ2,metricbeat-000209,NA,doc,171,6.2.4,22,system,network,"4,051",68.304MB,0,0,"141,793",Ethernet,39.509MB,0,0,"155,780"
38305,"December 18th 2018, 15:21:20.474",1,_XU7wmcBAOA7YPJGtdp1,metricbeat-000209,NA,doc,172,6.2.4,22,system,network,"3,070",1.199GB,0,0,"2,641,585",Ethernet,809.577MB,0,0,"2,897,056"
38238,"December 18th 2018, 15:21:53.436",1,4Rg7wmcBrehMbwjYwTgx,metricbeat-000209,NA,doc,173,6.2.4,22,system,network,975,129.72MB,0,0,"245,516",Ethernet,89.372MB,0,0,"266,489"
38559,"December 18th 2018, 15:18:28.987",1,ONJTwmcB6ZGVNHRkxT4r,metricbeat-000209,NA,doc,174,6.2.4,22,system,network,"3,268",260.832MB,0,0,"604,913",Ethernet,242.659MB,0,0,"705,426"
38456,"December 18th 2018, 15:19:33.406",1,F3U7wmcBAOA7YPJGl3GT,metricbeat-000209,NA,doc,175,6.2.4,22,system,network,991,67.654MB,0,0,"148,832",Ethernet,41.171MB,0,0,"158,371"
38524,"December 18th 2018, 15:18:45.206",1,NRI7wmcBxOZ1qs_p4fft,metricbeat-000209,NA,doc,185,6.2.4,22,system,network,"3,838",389.01MB,0,0,"930,140",Ethernet,253.575MB,0,0,"988,459"
38575,"December 18th 2018, 15:18:20.976",1,e1JTwmcBdDbnrhqkwXDp,metricbeat-000209,NA,doc,176,6.2.4,23,system,network,"1,827",829.186MB,0,0,"1,722,802",Ethernet,473.956MB,0,0,"1,581,192"
38220,"December 18th 2018, 15:22:00.210",1,zJpUwmcBuqt-6aA3eP3W,metricbeat-000209,NA,doc,177,6.2.4,23,system,network,"3,046",1.587GB,0,0,"1,821,697",Ethernet,331.349MB,0,0,"1,481,658"
38276,"December 18th 2018, 15:21:26.231",1,6JBUwmcBAOA7YPJGUYIJ,metricbeat-000209,NA,doc,178,6.2.4,23,system,network,"3,052",42.765MB,0,0,"88,818",Ethernet,24.325MB,0,0,"91,563"
38359,"December 18th 2018, 15:20:40.608",1,N7k8wmcB6ZGVNHRkD5tJ,metricbeat-000209,NA,doc,180,6.2.4,23,system,network,"3,914",307.715MB,0,0,"707,900",Ethernet,195.77MB,0,0,"764,634"
38534,"December 18th 2018, 15:18:38.134",1,1y9TwmcBn_oGi6rszBES,metricbeat-000209,NA,doc,181,6.2.4,23,system,network,"3,877",194.664MB,0,0,"352,243",Ethernet,99.04MB,0,0,"358,642"
38460,"December 18th 2018, 15:19:27.874",1,XYA7wmcBuqt-6aA3_d2a,metricbeat-000209,NA,doc,182,6.2.4,23,system,network,"4,031",336.75MB,0,0,"678,610",Ethernet,184.175MB,0,0,"706,315"
